c1,c2,c3,c4,c5,c6,c8,c9
Kaye,United States,Arcu Incorporated,Overland Park,felis.purus.ac@nequeNullamut.edu,KS,229708-0018,DHI31JLZ8DV
Colt,United States,Nec Metus Facilisis LLC,Tulsa,sit.amet.consectetuer@vitaesodales.com,OK,382470-0193,KHZ93YVM8PU
Jordan,United States,Dis Parturient Montes Company,Jefferson City,ipsum@auctorullamcorper.net,MO,644947-6412,QDL01BGR0GZ
Clare,United States,Nunc Sed Orci Limited,Eugene,nibh.Quisque.nonummy@utdolordapibus.ca,Oregon,586644-3640,CFS71QGW6XT
Justine,United States,Sed Dictum Proin Corp.,Montpelier,Mauris.magna@diam.com,VT,847782-8035,HER71CPV4TK
Tamekah,United States,Nunc Associates,Orlando,Nunc@Uttinciduntvehicula.org,Florida,607568-9544,AOX79NLP0LJ
Hannah,United States,Ultrices Sit Amet LLC,Kapolei,luctus.ut.pellentesque@velitQuisquevarius.com,HI,874550-3097,IAE72PNZ8ZE
Ulysses,United States,Integer Corp.,Olympia,sem.eget@sagittis.com,WA,017318-8236,UZR82NJL4LU
Ainsley,United States,Duis Mi PC,Des Moines,consectetuer@NulladignissimMaecenas.co.uk,IA,337758-5892,DVR38ZTD2ZV
Barry,United States,Dignissim Maecenas Ornare Foundation,Indianapolis,amet@dolor.ca,Indiana,975383-6056,PBZ07RIN2SA
Jenette,United States,Vitae Limited,Virginia Beach,Nunc.commodo@atlacusQuisque.ca,Virginia,528316-6667,FGS76IAU7RP
Victor,United States,Erat Vivamus PC,Southaven,Cras.pellentesque.Sed@adipiscing.net,MS,313383-6860,RUZ43RKR5LK
Diana,United States,Facilisis Eget PC,Colorado Springs,velit@arcuSed.com,CO,467657-5170,JHU58UEV8BA
Emma,United States,Amet Consectetuer Corp.,Orlando,nisl@liberolacus.ca,Florida,617188-7117,LOY32QYR0IU
Myra,United States,Pede Ac Urna Foundation,Sandy,mauris.sagittis.placerat@sodalespurusin.edu,Utah,698920-2616,ZVW87KYZ4UM
Maryam,United States,Metus LLC,Missoula,lacus.Quisque.imperdiet@eleifend.ca,Montana,835147-0789,CUX32MPJ3RS
Jacob,United States,Sem Corporation,Aurora,lorem.fringilla@acmattissemper.net,CO,693147-8447,POC54COI1PZ
Courtney,United States,Ultrices Mauris LLC,Chandler,sem.eget.massa@vitaeodio.ca,Arizona,122765-3415,GIS39SLF5UY
Marshall,United States,Orci Donec Corporation,Jacksonville,Mauris@mattis.edu,FL,443239-6747,BBP17SNQ5FL
Rama,United States,Dictum Mi Ac Institute,Biloxi,orci.in.consequat@bibendum.co.uk,MS,736039-0376,PHP57DOA3EY
Guinevere,United States,Nec Company,Cheyenne,adipiscing.ligula.Aenean@neceleifendnon.edu,WY,609940-0548,AVQ17QHV7AI
Conan,United States,Eu Sem Pellentesque Corporation,Sandy,cursus.non@congue.com,Utah,546501-7399,DNC00ZSK5NO
Wilma,United States,Ultrices Sit Ltd,Wichita,gravida.Aliquam.tincidunt@eliterat.edu,KS,848787-1488,WOB55DEY0GT
Valentine,United States,Molestie Arcu Sed Limited,Akron,luctus.ipsum@mollisInteger.edu,OH,372274-5654,WMB02SOM6XK
Latifah,United States,Sapien LLC,Seattle,pellentesque.tellus.sem@enim.org,Washington,766194-6892,HZC34MOQ0BR
Oscar,United States,In Felis Ltd,Denver,lectus.pede.ultrices@non.org,Colorado,223610-0489,FWX80MOK6BT
Richard,United States,Orci Ut LLC,Lewiston,Vivamus@ullamcorperDuiscursus.ca,ME,036686-6663,OOB29YOK6GB
Lucius,United States,Commodo Auctor Velit Foundation,Sandy,velit.Pellentesque@tristiquenequevenenatis.co.uk,UT,462080-6622,GZE83JZF9HL
Cameran,United States,Mauris Vel Turpis Industries,Missoula,parturient.montes.nascetur@nuncsedlibero.net,Montana,022464-5283,ZFE18IWS9YJ
Zachery,United States,Aptent Taciti Sociosqu LLP,Jonesboro,convallis@semmollisdui.ca,AR,844864-2259,RCZ50ZJX9OL
Deborah,United States,Nisi PC,Jackson,dapibus.gravida@risus.com,Mississippi,996537-8285,XYF77SHM8CZ
Imelda,United States,Lobortis LLP,Cincinnati,Integer@vel.net,Ohio,235856-1906,CCB94GNH4KI
Ella,United States,Augue Consulting,Savannah,id.blandit@rhoncus.co.uk,Georgia,776960-5937,FFL43OBT1TJ
Cheyenne,United States,Volutpat Nulla Dignissim Company,Phoenix,sit@Quisque.net,AZ,544351-2396,WWC74YOU8CY
Anastasia,United States,Lorem Luctus Ut PC,Honolulu,arcu@vulputate.ca,Hawaii,426194-7487,NBE63BGX1EO
Tanya,United States,Feugiat Consulting,Metairie,et.arcu@mollisvitae.edu,Louisiana,704749-6703,PRC91GYA0XN
Hillary,United States,Felis Inc.,Shreveport,et.commodo@nunc.edu,Louisiana,756459-7487,IKB29SIV5RG
Honorato,United States,Vitae Corp.,Stamford,Donec.luctus.aliquet@tortorNunc.com,CT,999334-5488,DXS08AZM8TX
Ferris,United States,Nunc Institute,Phoenix,nisl.Nulla.eu@senectuset.edu,AZ,283449-7592,QFF37WOY3TU
Veronica,United States,Arcu Inc.,Billings,sapien.Cras@blandit.org,Montana,793819-7055,MGO41ADL7BH
Raphael,United States,Id Mollis Nec Associates,Bellevue,tristique.pharetra@Nullam.net,Nebraska,363391-8556,TKJ12RSK5VP
Orli,United States,Erat Nonummy Institute,Las Vegas,pede.Nunc.sed@Donecconsectetuermauris.org,NV,553713-6706,NSX73CCW8UB
Ulysses,United States,Vulputate Dui Associates,Norman,Nullam.scelerisque@magnisdis.net,OK,093864-4994,VGZ02LDK8OJ
Rosalyn,United States,Nonummy Ipsum Consulting,Grand Island,amet.ultricies.sem@urnasuscipit.com,Nebraska,307211-7199,MCX93UIV9ER
Talon,United States,Ridiculus Corporation,Lansing,in@erat.co.uk,MI,546175-1090,FGJ54GZY7PK
Kyle,United States,Etiam Laoreet Libero Company,Pocatello,eu.dui@fermentum.co.uk,Idaho,468154-4633,JLA45PHS3KH
Galena,United States,Praesent Institute,Davenport,per.inceptos.hymenaeos@cursusetmagna.net,Iowa,349277-0395,EFR05HBG2ME
Lavinia,United States,Mollis Duis Associates,Evansville,In.mi.pede@lorem.org,IN,675487-7741,JNO08LRK0SS
Paki,United States,Nullam Velit Institute,Birmingham,neque.vitae@luctus.net,AL,937633-5460,LDJ58NWI2JK
Walter,United States,Scelerisque Neque Sed Company,Omaha,ante.dictum@aliquamarcu.com,NE,548154-9599,ZTB04YOD5EU
Lani,United States,Ligula Aenean Euismod Associates,Wichita,Etiam.gravida.molestie@Crasconvallis.org,Kansas,805600-1780,RPS85PTG3PY
Regan,United States,Primis In Faucibus Inc.,Omaha,sem.elit.pharetra@SuspendisseduiFusce.com,NE,566422-9050,DJL06NGL3TW
Daniel,United States,Amet Foundation,Vancouver,auctor.quis.tristique@euduiCum.edu,Washington,417942-6384,CHZ68UHP9RE
Fiona,United States,Enim Commodo Industries,Fort Smith,tempus.mauris@Cum.com,Arkansas,585421-2379,XER46EVY0BQ
Nola,United States,Tincidunt Nunc Inc.,New Orleans,nec@ametconsectetuer.com,Louisiana,679456-7674,VMK20NIM8KA
Kim,United States,Sollicitudin A Limited,Miami,id@tellusNunc.net,FL,876841-8041,UWB79JLP5JM
Celeste,United States,Elit Erat Associates,Nampa,tortor.dictum.eu@in.ca,ID,779976-7517,EEQ53AAX9UB
Alice,United States,Vel Quam Dignissim Associates,Biloxi,eget@anteipsumprimis.ca,Mississippi,462451-2358,DRF57PCG3WV
Beatrice,United States,Orci Corp.,Cedar Rapids,in.felis@interdumenimnon.co.uk,Iowa,975210-5321,ABV39DQL5JI
Solomon,United States,Ornare Inc.,Sacramento,enim.nisl.elementum@musProinvel.com,California,362349-0772,ANE06DAZ6LU
Basil,United States,Luctus Limited,South Bend,nec.ante.Maecenas@Maecenasmi.ca,IN,729612-8809,UCC85ITE7AP
Hedley,United States,Non Nisi Aenean Associates,Honolulu,Fusce.mollis@Nuncmauris.co.uk,Hawaii,784000-5495,EDK43WFO5EJ
Rudyard,United States,Sollicitudin Orci LLP,Waterbury,Nam.nulla.magna@magna.co.uk,Connecticut,312329-5218,NFW70PHK0OV
Len,United States,Porttitor Scelerisque Neque Corp.,Naperville,Aenean.sed@ultriciesligula.com,Illinois,756527-3054,SWD03KFC8UJ
Serina,United States,Accumsan Interdum Libero Associates,Cedar Rapids,Nullam.lobortis@nullaIntegerurna.org,IA,064843-3555,EQL63IIF2SF
Brittany,United States,Nullam Velit Associates,Bangor,magnis.dis@nuncac.edu,ME,713314-6667,MSK34JKF7VS
Colby,United States,Quam Vel Corp.,Wichita,et@inhendreritconsectetuer.com,KS,794814-6761,KKX35DIN9YM
Omar,United States,Neque Incorporated,Kearney,lorem@antedictum.co.uk,Nebraska,955713-7453,BND25VVJ1SZ
Britanni,United States,Mollis Vitae Incorporated,Laramie,Donec.est.Nunc@sociosquadlitora.org,WY,938198-3247,MOJ19NFB2FK
Tyrone,United States,Diam Luctus Lobortis Inc.,San Diego,metus.Aliquam.erat@lectuspedeultrices.org,California,487219-3083,RUR32WAX1HW
Quentin,United States,Erat Incorporated,Laramie,quam@Donecat.org,Wyoming,183395-9214,BCV78JMH8ZY
Elaine,United States,Libero PC,Colchester,Aenean@Suspendisseseddolor.ca,VT,354783-7355,LOJ62RUH4FS
MacKensie,United States,Ac Turpis Consulting,Boston,magna.Suspendisse.tristique@vel.org,Massachusetts,274333-4761,CSI34UKD8XJ
Abraham,United States,Nec Tempus LLC,San Jose,dolor.Fusce@Integer.org,California,882334-3093,SDS52HKK8FO
Hanna,United States,Posuere Industries,Cincinnati,scelerisque.neque.Nullam@posuere.co.uk,Ohio,193386-1690,SCG02MMN3BX
Giacomo,United States,Felis Corporation,Reading,amet.luctus@nulla.ca,Pennsylvania,892555-0421,PYH97TQR5JJ
Evelyn,United States,Ut Erat Associates,Wichita,gravida.molestie.arcu@laciniavitaesodales.net,KS,785348-8091,XAS37KRD4RQ
Kelly,United States,Sit Amet Institute,Saint Paul,Nam.tempor@miac.ca,Minnesota,612377-3399,AIB87WUE6SJ
Whitney,United States,Interdum Associates,Rockville,justo.Proin@ultriciessem.net,MD,386312-4024,KBF40ONZ5JY
Samuel,United States,Ornare Lectus Industries,Rochester,dui@pellentesque.co.uk,Minnesota,985042-0705,ECG96BNZ4WI
Edward,United States,Quisque Purus Industries,Warren,sit.amet@liberoettristique.net,MI,873501-2612,OON80ESB4YW
Xaviera,United States,Fermentum Convallis Consulting,Louisville,dolor.dapibus.gravida@Quisquefringilla.com,KY,772381-7289,DXG29WHI4ZE
Riley,United States,A Odio Semper LLP,Salem,aliquet.sem@ac.edu,OR,689725-0665,HGU37XZH6NE
Ashton,United States,Laoreet Ipsum Curabitur Institute,Green Bay,nec@eu.net,WI,077312-6032,SSX16JGR2NY
Kalia,United States,Mauris Quis Turpis Company,Detroit,lacus.Mauris.non@liberodui.net,MI,328854-9292,NSP22WYV9BG
Montana,United States,Massa Corporation,Phoenix,lectus@loremauctor.org,Arizona,527375-8507,IPU00HGG8RT
Dorothy,United States,Arcu Nunc Mauris Corporation,Worcester,ante@pretiumaliquetmetus.net,MA,422929-1432,PEH03JGK2LW
Paul,United States,Nullam Vitae Industries,Chandler,velit.in@purus.net,Arizona,584749-9091,OSI94YYA7JK
Colin,United States,Justo Nec Ante Corp.,Norfolk,Nullam@fermentum.edu,Virginia,475094-3203,PZU62UCP9GV
Dana,United States,Imperdiet Non Corporation,Hilo,quam@ametornarelectus.net,Hawaii,908600-2293,XLD34PBU3OZ
Carl,United States,Bibendum Sed Est Associates,Tacoma,sem.magna.nec@fringillaestMauris.co.uk,Washington,784348-5405,RSM00XDQ1MC
Wade,United States,At Egestas A Inc.,Birmingham,convallis@pede.net,Alabama,312361-3519,GKN96HWV4JL
Adele,United States,A Institute,San Diego,semper.erat@odio.com,CA,469796-0310,GXZ24NYJ7JA
Clarke,United States,Sapien Molestie Ltd,Atlanta,egestas.Aliquam@idantedictum.org,Georgia,445856-8062,ZHP16DWC5ER
Astra,United States,Enim Nec Corporation,Harrisburg,scelerisque.lorem.ipsum@velest.net,PA,614961-3009,ZYQ73EBD7SR
Gregory,United States,Et Ultrices Limited,Phoenix,elit.erat.vitae@ullamcorperDuisat.ca,AZ,625954-4150,MSU93HIU4DE
Erasmus,United States,Magna Suspendisse LLP,Wyoming,tellus@et.net,WY,224149-5692,NBC63GLX4VJ
Ingrid,United States,Arcu Company,West Valley City,accumsan@nulla.ca,Utah,336703-0735,MPE86BCR2AQ
Wallace,United States,Hendrerit Id Associates,Los Angeles,dignissim.tempor@ametconsectetueradipiscing.com,CA,238376-8658,IRJ00CCR6WU
Xena,United States,Aliquam LLP,Reno,interdum@convallisligula.org,NV,373760-0282,URT89QXD1AO